#"Step","Potential Energy (kJ/mole)","Kinetic Energy (kJ/mole)","Total Energy (kJ/mole)","Temperature (K)","Box Volume (nm^3)"
20800,-429947.4130183426,91771.73637906458,-338175.676639278,302.47051671403784,457.0025397491518
20850,-430788.4243964185,92496.47268292113,-338291.9517134974,304.8591754989545,457.0025397491518
20900,-429347.5329646445,92074.54741534093,-337272.9855493036,303.46855177606284,457.0025397491518
20950,-429648.22100766725,92568.13016668372,-337080.09084098355,305.09535143933965,457.0025397491518
21000,-430054.3013337967,92317.20764967159,-337737.0936841251,304.2683357766703,457.0025397491518
21050,-430226.524718591,91966.38181599305,-338260.14290259796,303.11204871731826,455.3239543843356
21100,-430399.7541386015,90524.04168317528,-339875.7124554262,298.3582390754392,457.20466368657424
21150,-430697.1978813375,91854.83609424166,-338842.36178709584,302.7444051112736,457.20466368657424
21200,-430900.55172497476,92628.30676744432,-338272.24495753046,305.2936875310855,455.59702764977425
21250,-431789.62926255306,92636.7301954458,-339152.89906710724,305.32145031209666,456.0298138767157
21300,-430539.1110191238,91479.17418404255,-339059.93683508126,301.5062608135742,456.12937080084697
21350,-430470.78056480363,91355.00153730692,-339115.7790274967,301.0970001184868,456.12937080084697
21400,-430064.67287733173,92572.68776060663,-337491.9851167251,305.1103728156721,456.12937080084697
21450,-429663.953332681,92376.96818207856,-337286.9851506024,304.4653005484992,456.3325147444021
21500,-431180.99018575577,92153.9121006057,-339027.0780851501,303.7301298861438,456.3325147444021
21550,-431588.13447122835,91561.42572717738,-340026.70874405093,301.77735372010653,456.28005273746436
21600,-430429.36874876847,91107.06659942947,-339322.302149339,300.27983121954065,456.28005273746436
21650,-429628.94851899566,92395.99469024027,-337232.9538287554,304.5280100272778,456.28005273746436
21700,-429806.032773247,90799.04495116633,-339006.9878220807,299.2646224985851,456.28005273746436
21750,-429279.3117646354,92468.65583806198,-336810.6559265734,304.76749394459074,456.28005273746436
21800,-428890.8684433517,91638.5281957273,-337252.34024762444,302.0314757888652,456.28005273746436
21850,-429275.2285399698,92901.88259668785,-336373.3459432819,306.1953662580736,456.28005273746436
21900,-429193.89176570973,91525.54952313569,-337668.342242574,301.6591093193533,456.28005273746436
21950,-429814.996999308,92260.4029338551,-337554.5940654529,304.0811130823776,456.28005273746436
22000,-428707.3832783995,92255.29335003409,-336452.08992836537,304.06427240223456,456.28005273746436
22050,-429426.1742462928,90639.31864859849,-338786.8555976943,298.7381804895665,456.28005273746436
22100,-430029.8028333285,90990.4364500774,-339039.3663832511,299.89542984575337,456.28005273746436
22150,-429219.05613051774,92240.04683335252,-336979.0092971652,304.014021399467,456.28005273746436
22200,-429572.12722505233,91502.67302282577,-338069.4542022266,301.583710649323,456.28005273746436
22250,-429814.49007955357,92149.23561816713,-337665.2544613864,303.71471666508677,456.28005273746436
22300,-431117.013242461,91265.0794234644,-339851.93381899665,300.8006257737144,455.9346183373027
22350,-429168.48026773706,92146.71885645046,-337021.7614112866,303.7064216687521,455.9346183373027
22400,-430178.6186534043,92077.53846840403,-338101.08018500026,303.47840998950863,455.74711798000834
22450,-430864.6507619957,92276.46533086925,-338588.18543112645,304.1340531455848,455.74711798000834
22500,-430618.57469289005,91416.73149024023,-339201.84320264985,301.30045590451823,455.74711798000834
22550,-430867.97488521924,91728.74965149854,-339139.22523372073,302.32883673486606,455.3201423506771
22600,-429954.78591140476,91303.65522226003,-338651.1306891447,300.92776777031105,455.3201423506771
22650,-430877.2576793246,91712.77966042604,-339164.4780188986,302.27620123245316,455.3201423506771
22700,-430328.3727340838,92189.55560087907,-338138.8171332047,303.8476073184183,455.356130890855
22750,-431119.0200383635,90985.35881590401,-340133.6612224595,299.87869446847156,455.356130890855
22800,-431065.3362117619,92161.4782786335,-338903.8579331284,303.7550672564924,455.356130890855
22850,-431091.6189210408,91889.85640152563,-339201.7625195152,302.8598285614294,455.356130890855
22900,-431929.75533722737,90488.38146170042,-341441.37387552694,298.24070653174743,455.5697310958629
22950,-430924.2269467821,91261.47806685187,-339662.74887993024,300.78875606046233,455.5697310958629
23000,-431581.1638753938,92447.86288664344,-339133.30098875036,304.6989624445045,455.66829623458966
23050,-430745.3537106272,92300.6738479436,-338444.6798626836,304.21384201040604,455.66829623458966
23100,-429783.7863467848,92551.3505690911,-337232.4357776937,305.04004755434903,454.5685969759795
23150,-430838.5673299264,91385.76002841667,-339452.8073015098,301.19837704635574,454.5685969759795
23200,-430846.2530651067,91688.46439454099,-339157.7886705657,302.19606053416766,454.5685969759795
23250,-430948.46879548486,91414.70044024164,-339533.76835524326,301.29376176570395,454.4814951426845
23300,-431010.6617768118,92041.60656384625,-338969.0552129656,303.35998200539353,454.4814951426845
23350,-430356.3737185979,91672.20689574885,-338684.1668228491,302.14247743490245,454.4814951426845
23400,-431543.71521508414,91870.07030796353,-339673.6449071206,302.7946155647094,454.89273283585084
23450,-430798.9262272769,92265.34114935398,-338533.5850779229,304.0973889495729,454.89273283585084
23500,-430492.3868162676,92628.51828871694,-337863.8685275507,305.2943846841649,454.89273283585084
23550,-430819.1108966719,92649.64344485992,-338169.467451812,305.3640110979863,454.5072441549595
23600,-430510.9271645015,92335.96833740882,-338174.95882709266,304.33016913776476,454.5072441549595
23650,-430900.9518679392,91726.57044059034,-339174.3814273489,302.32165427242785,454.5072441549595
23700,-430650.16424439056,91595.34879463977,-339054.8154497508,301.88916077692727,454.98306195956036
23750,-429978.537837985,91668.02146245964,-338310.51637552533,302.12868266300853,453.86577890662574
23800,-430772.7393800565,91794.21322863875,-338978.52615141775,302.544598174987,454.18622785066424
23850,-429335.09370771516,93208.78073037563,-336126.31297733955,307.20687198671845,453.8344074834063
23900,-429169.8546063467,90709.03606250399,-338460.8185438427,298.9679621526361,453.8344074834063
23950,-429706.91580891516,91876.90090496559,-337830.0149039496,302.81712853314826,453.8344074834063
24000,-431004.43989028106,91538.55194346163,-339465.8879468194,301.7019640037005,453.8344074834063
24050,-429618.1868236873,91437.07538172154,-338181.11144196574,301.36750734770885,455.15794660380305
24100,-430674.0884031877,91000.82512367617,-339673.26327951154,299.9296698808162,454.62728997666187
24150,-429561.2133072107,91931.44481721778,-337629.76848999294,302.9968998437223,454.62728997666187
24200,-430102.8350174371,91469.02698367694,-338633.8080337602,301.4728166502742,453.7223316963008
24250,-431177.61374200694,91856.43202753796,-339321.181714469,302.74966514870795,453.7223316963008
24300,-430369.97659072396,91787.40158573951,-338582.57500498445,302.52214767738616,453.7223316963008
24350,-430573.22325616144,90215.39883396716,-340357.8244221943,297.3409829379453,453.7223316963008
24400,-430358.5206281103,91221.867466395,-339136.65316171525,300.6582034604979,453.7223316963008
24450,-430387.4115089623,92864.15751683868,-337523.2539921236,306.07102814652336,453.7223316963008
24500,-429765.63313415763,91815.22568163773,-337950.40745251987,302.6138531304537,453.7223316963008
24550,-430405.53214772744,91758.5391383396,-338646.99300938786,302.4270199210297,453.7223316963008
24600,-430770.35570075596,91077.39687915434,-339692.9588216016,300.18204277206803,453.7223316963008
24650,-430377.1607744375,91464.30756924245,-338912.85320519505,301.45726192962803,453.79734933724524
24700,-430130.230219807,91906.15910482724,-338224.0711149798,302.91356065026235,453.79734933724524
24750,-429848.5755114658,92282.60749727866,-337565.9680141871,304.15429711525235,453.4120701643702
24800,-430771.9477763341,91447.05041968953,-339324.8973566446,301.4003840808673,453.4120701643702
24850,-430788.8835485312,93143.75535828403,-337645.12819024717,306.99255482685976,453.17035706683555
24900,-429360.4703757805,92037.61343710542,-337322.85693867505,303.34682105675887,454.4733589935062
24950,-429643.53511722176,91783.67977826492,-337859.8553389568,302.5098809700712,454.0357310064688
25000,-430474.47896063933,91622.76397818715,-338851.71498245216,301.9795184955514,454.55179558166816
25050,-429839.6697856777,92241.61395320829,-337598.05583246937,304.01918647066685,454.55179558166816
25100,-431426.20480279205,91121.81606419242,-340304.3887385996,300.32844398861454,453.4947731780643
25150,-430241.31286412897,91797.81623350299,-338443.496630626,302.55647332071277,453.4947731780643
25200,-431116.8987569546,91439.78308334488,-339677.1156736097,301.37643166298756,453.4947731780643
25250,-429665.85555184423,90991.72219632806,-338674.1333555162,299.89966753753237,453.4947731780643
25300,-430151.67407607846,92572.13884411954,-337579.5352319589,305.10856364151863,452.8256211998661
25350,-430357.4469493269,92279.67890279248,-338077.7680465344,304.14464475906476,452.621045883662
25400,-430851.24808566016,93070.17098855686,-337781.0770971033,306.7500280619577,452.621045883662
25450,-430560.3761447214,91737.61404452655,-338822.7621001949,302.3580528927522,452.621045883662
25500,-429857.99444706854,91560.75767190532,-338297.2367751632,301.77515187636567,453.19234126844935
25550,-430566.27531923074,92072.2261643062,-338494.0491549246,303.460901163493,453.25398542238787
25600,-428723.2928019825,92087.75827308213,-336635.53452890035,303.51209344940236,453.25398542238787
25650,-430660.78292654874,92934.14185079472,-337726.641075754,306.3016895515352,452.9110436439061
25700,-429633.3799932287,91281.14650549417,-338352.2334877346,300.8535812782671,452.9110436439061
25750,-430447.28951595956,92146.06329488699,-338301.2262210726,303.70426100303234,453.4441710887095
25800,-430920.0165800012,91519.29285753705,-339400.7237224642,301.63848797174455,452.1974073343435
25850,-430192.2244733523,91389.74553961903,-338802.4789337333,301.21151289493304,452.46623957283225
25900,-431784.14721499966,91896.27346502809,-339887.87374997156,302.88097856457813,452.46623957283225
25950,-430859.51846004627,91597.62678134372,-339261.89167870255,301.8966687945654,452.57711833222925
26000,-430327.5788173764,92741.11584785412,-337586.4629695223,305.6654950416315,452.57711833222925
26050,-430604.5832255762,92057.73260393302,-338546.8506216432,303.41313182983896,452.9104370166073
26100,-430430.31446130155,91014.74630639327,-339415.56815490825,299.9755527146368,452.9104370166073
26150,-429742.4740320032,92170.76860061297,-337571.7054313902,303.78568723384535,452.9104370166073
26200,-430335.51798632345,92285.48269478965,-338050.0352915338,304.16377348031983,452.93744692821747
26250,-430253.1248775448,92294.59209053166,-337958.53278701316,304.1937971427866,453.10931210886554
26300,-430509.96810218017,90714.4372593622,-339795.53084281797,298.9857639603498,453.13176887945707
26350,-429176.7584395823,93235.29151390883,-335941.4669256735,307.29424889283547,452.45172332042586
26400,-430857.79532366665,91637.72565070442,-339220.06967296224,302.0288306802802,452.45172332042586
26450,-430451.89721432887,91346.26255497892,-339105.6346593499,301.0681973017962,452.45172332042586
26500,-430811.68454261776,92512.04448022092,-338299.6400623968,304.91049859429165,452.45172332042586
26550,-430212.7236455539,92573.57401094995,-337639.149634604,305.1132938086691,452.45172332042586
26600,-428997.35023385985,91691.13602090394,-337306.2142129559,302.2048659489757,452.51881050215707
26650,-429759.7631468447,91635.41049770426,-338124.3526491404,302.02120016622587,452.51881050215707
26700,-430494.53505336307,92487.81973876462,-338006.71531459846,304.830656255521,452.51881050215707
26750,-430029.6973940467,92206.9885067053,-337822.70888734143,303.90506444237747,451.8153872195489
26800,-430060.41994313034,91612.83306615042,-338447.5868769799,301.94678719707423,451.8153872195489
26850,-429633.3721525867,91115.3298778272,-338518.0422747595,300.30706616338426,451.4442582342582
26900,-430327.11430879263,92183.53197596043,-338143.5823328322,303.82775404971574,450.86291140659137
26950,-430116.5420311806,91482.50031661856,-338634.041714562,301.51722341577204,451.48859235031483
27000,-432068.7374771817,91823.7686292335,-340244.96884794824,302.64200983616183,451.48859235031483
27050,-430537.9512348869,91778.64340709987,-338759.307827787,302.49328159156136,451.48859235031483
27100,-430622.244068698,91883.55747984676,-338738.68658885127,302.83906794198253,451.6183745278223
27150,-429929.680020137,91768.84195575138,-338160.8380643856,302.4609769826382,452.2516376592994
27200,-430191.7474336303,92411.17847934496,-337780.56895428535,304.57805428618997,452.2516376592994
27250,-430165.3526841039,90816.97358192579,-339348.3791021781,299.3237134826261,451.6990935176726
27300,-430386.8103157142,91298.61467164868,-339088.1956440655,300.9111546167619,451.0608700531201
27350,-430256.93777355645,91705.94729545532,-338550.9904781011,302.25368243696545,451.0608700531201
27400,-430088.12729806686,92214.19753577851,-337873.92976228835,303.92882468528904,451.80519499810924
27450,-429857.5182821923,91838.09529065539,-338019.4229915369,302.68922908747,451.80519499810924
27500,-429884.58779646317,92602.53262390335,-337282.0551725598,305.20873851712656,451.80519499810924
27550,-429703.66178131895,92457.36169053151,-337246.30009078747,304.7302695574954,451.4420952421105
27600,-429803.5005975119,92872.86533561253,-336930.6352618993,306.0997282512386,451.10876401302255
27650,-429992.06629922055,91713.1540618033,-338278.91223741724,302.2774352221596,451.1505324252967
27700,-429737.7237669332,92141.98731856685,-337595.7364483663,303.6908269904233,451.1505324252967
27750,-429779.4920971538,92852.7337042248,-336926.758392929,306.03337639620787,451.09963216960966
27800,-428636.16866119276,91328.62984471933,-337307.53881647345,301.01008164229444,451.09963216960966
27850,-429567.52847720473,91741.11476868094,-337826.4137085238,302.3695909314298,451.39699548123633
27900,-429339.716762919,92547.1950010078,-336792.52176191116,305.0263512152038,451.39699548123633
27950,-430403.2075514521,90682.6333804804,-339720.5741709717,298.8809415383445,451.39699548123633
28000,-430383.31911442964,91605.29893068699,-338778.0201837426,301.9219554358313,451.39699548123633
28050,-429524.83636032627,91522.4036377889,-338002.43272253737,301.648740794098,451.4245134895164
28100,-430367.50004489906,92501.01172662909,-337866.48831826996,304.8741357356233,451.0267230159221
28150,-430517.7839227882,92344.59193564841,-338173.1919871398,304.35859165997454,451.61657160950057
28200,-431060.44610549905,92048.92333053902,-339011.52277496003,303.38409734078505,450.8203596519482
28250,-430684.4135162174,91966.92647889623,-338717.48703732115,303.1138438720822,450.5497796042581
28300,-431215.14566429984,91035.34888492347,-340179.79677937634,300.04345676461503,450.5326969519735
28350,-430323.11294810846,92487.63734619529,-337835.4756019132,304.8300551077508,451.20474933108216
28400,-430009.97669572267,91781.0224198476,-338228.95427587506,302.5011225809931,450.64353629359465
28450,-430081.07130387845,92952.06214570238,-337129.0091581761,306.3607530614376,450.64353629359465
28500,-430000.2965324081,92215.10268774405,-337785.193844664,303.9318079761531,450.64353629359465
28550,-430928.2128063196,92270.03102626406,-338658.1817800555,304.11284631747606,450.64353629359465
28600,-429723.7509049389,93065.72098589502,-336658.0299190439,306.73536129572216,450.64353629359465
28650,-430187.8405230432,92082.44520133968,-338105.3953217035,303.49458209330635,450.64353629359465
28700,-430620.4610688188,91655.42137104683,-338965.039697772,302.0871540147487,450.64353629359465
28750,-429619.5648890417,90914.66133931864,-338704.9035497231,299.6456826162731,450.64353629359465
28800,-430450.1516397293,91208.74606497132,-339241.40557475796,300.61495662628477,450.64353629359465
28850,-430555.9299270918,91434.72092479409,-339121.2090022977,301.3597472918188,450.64353629359465
28900,-429345.9094046722,93092.88300069407,-336253.0264039781,306.82488459532857,451.26046722662767
28950,-430505.28563388996,92125.78805866482,-338379.49757522513,303.6374358407483,450.867093641689
29000,-430513.3840668567,91801.43893435884,-338711.9451324979,302.56841338246824,451.1194946996696
29050,-429063.6628121517,91734.08112888431,-337329.5816832674,302.34640875413197,451.1194946996696
29100,-430129.6571722557,91739.49677657861,-338390.1603956771,302.36425819036447,450.06109589709916
29150,-429784.25270826416,92590.98055865467,-337193.2721496095,305.1706640588811,450.2788791128188
29200,-430694.200851802,92767.60838890221,-337926.5924628998,305.7528118223317,450.2788791128188
29250,-430914.05832778616,92830.4165962204,-338083.64173156576,305.95982142758686,450.3346913971469
29300,-429276.0092193503,91928.07088366465,-337347.93833568564,302.9857796942576,450.8888283184031
29350,-430400.7836401588,92381.18415683918,-338019.5994833197,304.47919598204567,449.96673692671885
29400,-429383.8580167112,92247.60744845404,-337136.2505682572,304.0389404349639,449.96673692671885
29450,-427755.0597433089,92134.79379323254,-335620.2659500764,303.6671178462934,450.10912672180166
29500,-429085.25396666536,91580.6920804804,-337504.56188618497,301.84085370461906,450.78385100578555
29550,-429643.80109138414,91578.2911253378,-338065.5099660463,301.832940395236,450.8539501996484
29600,-429470.1795908848,91567.4523437343,-337902.7272471505,301.79721684895134,450.8539501996484
29650,-429381.6498252426,92353.672710573,-337027.9771146696,304.3885209910734,451.05805509672007
29700,-429600.6733643487,92041.99885986919,-337558.6745044795,303.3612749740726,450.9421966240713
29750,-428953.7956354702,92293.56625642837,-336660.2293790418,304.1904160955979,450.3628045463641
29800,-428501.8066351968,91546.2794906915,-336955.5271445053,301.72743323089145,450.7102644195981
29850,-428644.8328491263,92542.42949030318,-336102.40335882315,305.01064456583543,450.7102644195981
29900,-429595.9028792209,90684.18342029974,-338911.7194589212,298.8860503154428,450.49112357422905
29950,-429653.4010778237,91863.24124998703,-337790.1598278367,302.7721076687457,450.49112357422905
30000,-428866.13992297626,91632.83169727263,-337233.30822570366,302.01270069645625,450.49112357422905
30050,-429379.9916559104,91432.93898506,-337947.0526708504,301.3538741956632,449.77768658704906
30100,-429446.71045899927,91109.5437846439,-338337.1666743554,300.2879957756597,450.22381251542015
30150,-428744.71463989327,92227.1144443956,-336517.6001954977,303.9713975315477,450.22381251542015
30200,-429813.39350673044,91789.53749812253,-338023.8560086079,302.52918743219124,450.22381251542015
30250,-430879.4422489053,91851.14438766858,-339028.29786123673,302.73223761353654,449.7657166653511
30300,-430096.6315460871,91162.91821577656,-338933.71333031054,300.46391259276476,449.7657166653511
30350,-429460.8884216428,92312.03204937655,-337148.8563722663,304.25127751279393,448.8789370534617
30400,-428914.09631526005,93799.99826339423,-335114.0980518658,309.15546618094726,449.7522430894736
30450,-429577.9518093178,91528.93827962437,-338049.0135296934,301.67027832373947,449.7522430894736
30500,-428921.70903707366,90978.36851929166,-337943.340517782,299.8556551459988,449.0949137283228
30550,-429289.8638747737,90968.18382176824,-338321.68005300546,299.8220873957956,449.0949137283228
30600,-427623.2868357056,90568.07527921374,-337055.2115564919,298.5033694289885,449.0949137283228
30650,-428204.0896316094,91592.94429510087,-336611.1453365085,301.88123578556645,449.0067180407214
30700,-429001.36065927474,91164.92728972985,-337836.4333695449,300.4705343007191,449.0067180407214
30750,-429832.86673160945,91518.67234791475,-338314.1943836947,301.6364428337371,449.0067180407214
30800,-429482.5526576203,92773.95688962181,-336708.5957679985,305.7737358493664,448.96786394810607
30850,-428935.28051749035,92302.73457478186,-336632.5459427085,304.22063396113253,448.96786394810607
30900,-429110.7121247847,91528.79661336978,-337581.91551141493,301.66981140585256,448.96786394810607
30950,-428608.7310348805,91749.59187578547,-336859.139159095,302.39753063342647,449.0253396759933
31000,-428445.74160211347,92044.0693331578,-336401.6722689557,303.36809904813026,449.0253396759933
31050,-429190.9222767013,91908.49299346516,-337282.42928323615,302.9212529151156,449.0253396759933
31100,-427929.7423782069,91579.02101176811,-336350.7213664388,301.83534602832555,448.12535720614915
31150,-429470.2067331276,91560.98569823203,-337909.22103489557,301.7759034284621,448.6433600349554
31200,-428957.49987147306,91147.07318898785,-337810.4266824852,300.41168896020395,448.6433600349554
31250,-430023.56494513457,90728.13042985144,-339295.4345152831,299.03089528854247,448.6433600349554
31300,-430057.0435625301,91710.74669141776,-338346.2968711123,302.2695007687738,448.6433600349554
31350,-428219.0358961616,92281.29072034766,-335937.7451758139,304.14995714943683,448.82958166837074
31400,-428422.0938711562,91553.89182386803,-336868.2020472882,301.75252272402037,448.7171443958575
31450,-428362.64180085086,90714.68458366455,-337647.95721718634,298.9865791166548,448.7171443958575
31500,-429270.14299863274,92842.66702278308,-336427.47597584967,306.00019761527363,448.7171443958575
31550,-429684.7413392861,91675.23941327927,-338009.5019260068,302.152472311109,448.7171443958575
31600,-429455.88796286704,90955.43490915626,-338500.45305371075,299.7800682476631,448.3462684601393
31650,-429209.87476881174,91617.42602578587,-337592.4487430259,301.96192513527825,448.3462684601393
31700,-428485.6117673351,91353.2604631033,-337132.3513042318,301.09126171105567,448.3462684601393
31750,-429038.59769038344,91962.28378909561,-337076.31390128785,303.09854202819935,448.3462684601393
31800,-429835.414002897,91078.94422284361,-338756.46978005336,300.1871426629897,448.89634633779775
31850,-429627.9728325687,91976.28779389721,-337651.6850386715,303.14469783537413,448.02060268190127
31900,-430433.10768657294,91899.45910563413,-338533.6485809388,302.89147811921436,448.02060268190127
31950,-429966.3599730367,92229.37718480406,-337736.9827882326,303.9788552989121,448.02060268190127
32000,-429866.4129052495,90910.94164105062,-338955.4712641989,299.6334228606932,447.42823258974715
32050,-430352.37185001676,92458.7200011576,-337893.65184885915,304.7347464142395,447.9200363940075
32100,-429721.29670119565,93497.18050221316,-336224.11619898246,308.157408954305,447.9200363940075
32150,-430097.50904370006,91424.50869918898,-338673.00034451106,301.32608881179596,447.9200363940075
32200,-429460.5809612402,92953.38102189958,-336507.19993934064,306.36509994622577,447.5914536948293
32250,-429860.8705972608,91493.07263814888,-338367.79795911186,301.552068736154,447.6761109399631
32300,-428707.4681512893,92645.78063291524,-336061.68751837406,305.3512796539603,447.94133157021554
32350,-428799.00222141854,92355.48017392994,-336443.5220474886,304.3944782105517,448.06555341761714
32400,-429811.42560257204,91755.6841937192,-338055.74140885286,302.41761030747546,447.6406426823711
32450,-429237.20782398176,91832.49918488684,-337404.70863909496,302.6707848793708,447.6406426823711
32500,-429463.40792047046,92323.62496636607,-337139.78295410436,304.2894866143147,447.13358111771333
32550,-429210.13352618995,92132.13910453444,-337077.99442165555,303.6583682563443,448.27939458977966
32600,-429358.316500223,92026.66527646905,-337331.6512237539,303.3107370080592,448.33730171758134
32650,-429728.116435203,92870.33658233806,-336857.7798528649,306.091393731922,447.50910921439663
32700,-429590.5359164481,91982.76157457966,-337607.77434186847,303.1660347727077,447.94947683669466
32750,-430865.104519699,93105.40624107851,-337759.6982786205,306.8661599502414,447.8006623434897
32800,-430092.96965558245,91266.4805262048,-338826.48912937765,300.8052436690119,447.6383996558403
32850,-430192.8933511097,92464.05063602775,-337728.84271508193,304.7523156566578,447.6383996558403
32900,-429566.8344013421,92424.08024601897,-337142.75415532314,304.6205772261101,447.6383996558403
32950,-429548.3202259159,91534.6617839417,-338013.6584419742,301.6891424247861,447.6175714253915
33000,-429392.8974791579,90430.11082440882,-338962.78665474907,298.0486523060538,448.59959731998794
33050,-428164.17363615474,91849.48420433505,-336314.6894318197,302.72676581436883,448.59959731998794
33100,-427920.86642849445,91772.68986519464,-336148.17656329984,302.47365930950156,448.59959731998794
33150,-428743.69050538307,92874.34923899721,-335869.34126638586,306.10461904922533,448.59959731998794
33200,-428515.3552432256,91986.81416630831,-336528.54107691726,303.1793917120287,448.59959731998794
33250,-430038.7075854859,92469.2114948732,-337569.49609061267,304.7693253341823,448.59959731998794
33300,-429579.1628995382,91958.65920651836,-337620.5036930198,303.08659576447735,448.59959731998794
33350,-428844.5114287338,92712.57731588579,-336131.934112848,305.57143487832525,448.7519774365236
33400,-429009.0237388895,92537.76999090526,-336471.25374798424,304.9952873191915,449.1206092250137
33450,-427997.06373976986,93231.63220370948,-334765.4315360604,307.2821881703245,449.22205054886007
33500,-428967.08256465895,92512.73611156938,-336454.34645308956,304.91277814243574,448.826360961825
33550,-429214.666734064,91828.92271435418,-337385.7440197098,302.65899718816314,447.88417430670376
33600,-428937.3263308767,92786.6202894305,-336150.7060414462,305.8154731558032,447.88417430670376
33650,-429445.37380373897,91133.97322150698,-338311.400582232,300.3685127701348,447.88417430670376
33700,-429342.8504098607,90957.2891441992,-338385.5612656615,299.78617962196716,447.88417430670376
33750,-428170.2755284461,91723.2985671735,-336446.9769612726,302.3108705030227,448.32631378900544
33800,-428178.5377976259,91790.20409434967,-336388.33370327624,302.53138446706515,448.7286326117352
33850,-429438.42406000313,92611.41965370669,-336827.0044062964,305.2380292835731,448.7286326117352
33900,-429350.80522707757,91650.5065649889,-337700.2986620887,302.0709553027428,447.6818911217373
33950,-429696.5060771238,91714.58666874311,-337981.9194083807,302.2821569521653,447.6818911217373
34000,-428845.1815610186,91964.18865387836,-336880.99290714023,303.10482027309087,447.6818911217373
34050,-428822.8484020685,92135.31623562425,-336687.53216644423,303.6688397644613,448.22950655211326
34100,-428980.2399232504,92439.13236521461,-336541.10755803576,304.67018751409614,448.22950655211326
34150,-427990.3138847668,91680.56768063549,-336309.7462041313,302.1700337504368,448.0894785135797
34200,-428598.4322372826,92491.6890004183,-336106.74323686433,304.8434089571464,448.0894785135797
34250,-428689.9052874055,91324.00160997281,-337365.9036774327,300.99482744083235,448.49592871620183
34300,-429364.9084357647,91573.48692850869,-337791.42150725605,301.8171062402485,447.7020670927646
34350,-428729.13575887727,92400.26139009581,-336328.87436878146,304.54207264569266,447.9906407541533
34400,-429042.3006191014,91388.41563954353,-337653.8849795578,301.2071296765382,447.81881884900645
34450,-430331.7701441946,91215.70611061981,-339116.0640335748,300.63789624458906,447.81881884900645
34500,-429368.7944099114,91787.68082879978,-337581.1135811116,302.52306803474306,447.81881884900645
34550,-429111.5160135182,91180.09673278395,-337931.41928073426,300.5205312764752,447.81881884900645
34600,-428575.1662492966,91423.49177153221,-337151.6744777644,301.3227371193693,448.21770500497007
34650,-427983.3709299483,92072.5141945733,-335910.856735375,303.4618504826097,447.65468957399435
34700,-428859.23587605916,91911.95235406741,-336947.28352199175,302.93265462363877,446.97354759940504
34750,-430156.05193481594,90928.43457966959,-339227.6173551463,299.69107784676726,446.97354759940504
34800,-428504.37350111734,91625.82656515107,-336878.54693596624,301.98961247762054,447.73996831066506
34850,-429049.7118866944,90984.73689730388,-338064.9749893905,299.8766446866133,447.73996831066506
34900,-428679.35748531343,91670.17144368816,-337009.1860416253,302.1357687873293,447.73996831066506
34950,-428236.7969817538,91608.88110166058,-336627.91588009323,301.93376191512533,447.73996831066506
35000,-429688.61817233707,92707.91914488815,-336980.6990274489,305.5560820099564,447.13282050340723
35050,-430517.80279728794,92284.56803930819,-338233.23475797975,304.16075886681233,447.34156147785535
35100,-428900.4801939004,92457.58465888748,-336442.89553501294,304.73100443902325,447.74409314394745
35150,-428330.8757821545,93162.56906275958,-335168.3067193949,307.0545629258513,448.1657332226828
35200,-429044.50783721777,91475.45065998033,-337569.05717723747,301.4939884485571,448.1657332226828
35250,-429373.5039852939,92590.86051421457,-336782.64347107935,305.17026840434454,447.8861761891012
35300,-429934.71491669514,92063.55510435422,-337871.1598123409,303.4323222121991,447.25047660421217
35350,-429638.19710368826,92010.76807665276,-337627.4290270355,303.25834141838794,447.25047660421217
35400,-429905.3991011162,91933.74177607012,-337971.65732504614,303.0044703916748,447.5237461351561
35450,-429314.37135788705,92730.31719046892,-336584.05416741816,305.6299037407802,447.6149051026958
35500,-428756.16645132727,92165.86489010439,-336590.3015612229,303.76952509166665,447.5553945699466
35550,-428258.6359141122,91987.63877347583,-336270.9971406364,303.1821095352484,447.2658190230536
35600,-429503.47457423364,90985.29371711689,-338518.18085711676,299.87847990934307,447.5695910762786
35650,-428811.42221022025,91505.31516955487,-337306.10704066535,301.59241890218954,446.8167941127964
35700,-427990.35211279057,91613.32886425412,-336377.02324853645,301.9484212983186,446.8167941127964
35750,-428884.46774875466,92549.96322735585,-336334.5045213988,305.03547501395616,446.8320086529381
35800,-428943.8444037526,92075.0084232091,-336868.8359805435,303.47007121215063,447.21071690111967
35850,-428777.68634345615,91267.38185870575,-337510.3044847504,300.80821437130044,447.21071690111967
35900,-429348.45144494437,91345.18903989956,-338003.2624050448,301.0646591028521,447.21071690111967
35950,-428690.01525937323,91230.34055884148,-337459.67470053176,300.6861299305809,447.21071690111967
36000,-429105.1564555329,92246.93034942553,-336858.22610610735,304.0367087839011,447.21071690111967
36050,-429452.6154182758,91573.0499663364,-337879.5654519394,301.8156660563831,447.21071690111967
36100,-429039.4381103625,92392.14954540881,-336647.2885649537,304.51533681230006,447.21071690111967
36150,-429357.0960830876,92155.62720594653,-337201.4688771411,303.7357827027857,447.21071690111967
36200,-429289.40566127095,91564.11215436531,-337725.29350690567,301.7862079169618,447.16712902523847
36250,-427957.0501960572,91536.08212842734,-336420.96806762984,301.6938237389623,447.16712902523847
36300,-427834.41224303097,92127.83083720185,-335706.5814058291,303.64416863565884,447.3889697589862
36350,-427988.7416857537,91703.86834860167,-336284.873337152,302.24683043488005,447.3889697589862
36400,-428126.5376445395,91785.34722111502,-336341.1904234245,302.5153766958835,447.5308959782949
36450,-429272.2955854195,92259.65358006631,-337012.64200535323,304.0786432868105,447.5308959782949
36500,-427780.8876459915,92338.37222527381,-335442.5154207177,304.3380921131092,447.1156426644357
36550,-426734.7836542344,92503.65444432864,-334231.12920990575,304.8828458703516,447.1156426644357
36600,-427379.15821391554,91776.97376975126,-335602.1844441643,302.48777863290024,447.354587405282
36650,-428110.03735463927,92408.60766734692,-335701.4296872923,304.56958114550304,446.32620975696017
36700,-428007.1675654764,91562.83831893544,-336444.32924654096,301.7820094820636,446.32620975696017
36750,-428565.809515225,91925.4513647282,-336640.3581504968,302.9771460203454,446.92834523550925
36800,-428610.1137317775,90946.2303364574,-337663.88339532015,299.7497308914116,446.47472348018397
36850,-429043.58120685886,92007.68327260148,-337035.8979342574,303.24817421100835,446.47472348018397
36900,-430426.5150800955,93231.56604533552,-337194.94903476,307.2819701189032,446.28407623561304
36950,-428272.17781649623,91423.77362831916,-336848.4041881771,301.32366609130935,446.28407623561304
37000,-427732.79037419264,91178.15824399338,-336554.6321301992,300.51414221019775,446.28407623561304
37050,-428404.5124052856,92562.04446363982,-335842.46794164577,305.07529356730964,446.28407623561304
37100,-428492.67846414493,91861.31586198509,-336631.36260215985,302.76576178136474,446.4215007697077
37150,-428407.19109498616,92219.47539190702,-336187.7157030791,303.94621997422354,446.4215007697077
37200,-428741.7083305281,91885.32801926232,-336856.3803112658,302.844903463822,446.4215007697077
37250,-429135.1026071578,92006.69221953928,-337128.41038761847,303.2449077986723,446.4215007697077
37300,-429463.9466638558,91361.50201392606,-338102.44464992976,301.1184250429729,446.0429562609705
37350,-428269.2373580134,92181.60732429601,-336087.6300337174,303.82141058922997,446.9270793444294
37400,-428224.5056709645,92452.57930511648,-335771.926365848,304.7145072907596,446.9270793444294
37450,-428958.6854104479,92367.27089876513,-336591.41451168276,304.43333926706043,446.9270793444294
37500,-428632.94874740904,92411.62886465283,-336221.3198827562,304.5795387113754,445.50230125610767
37550,-428899.212392556,92006.56776901864,-336892.6446235374,303.2444976221324,446.6948261382261
37600,-429130.225895043,90881.62535403503,-338248.60054100794,299.5367992940963,446.748675226323
37650,-428903.0825025223,91559.35664698381,-337343.72585553845,301.7705342375516,446.83386964628363
37700,-427900.3193488391,92288.27357684061,-335612.04577199847,304.1729719500159,445.96105559573004
37750,-428988.7729436711,92103.29741470449,-336885.47552896664,303.5633089148741,446.1111312028441
37800,-427855.75180624286,92724.46019106393,-335131.2916151789,305.61059965320027,446.3704548896273
37850,-428302.9197375388,91568.30467765749,-336734.6150598813,301.80002605680045,446.2396225498036
37900,-427461.94142446644,91462.82404378508,-335999.11738068133,301.4523723772522,446.8185234273302
37950,-427984.008469725,92055.59322839387,-335928.41524133115,303.40608066081563,446.33470823338735
38000,-427912.83752553724,91299.85639383813,-336612.9811316991,300.9152472096132,446.33470823338735
38050,-427217.307071717,91704.73462734107,-335512.57244437595,302.2496856034566,446.33470823338735
38100,-428650.7360104658,92142.77430042933,-336507.96171003644,303.69342080437934,446.33470823338735
38150,-427664.28185778647,92555.99581620499,-335108.2860415815,305.0553578268822,446.6745193399596
38200,-428905.7175241858,91861.86077990464,-337043.85674428113,302.7675577766373,446.5723044956327
38250,-428670.2089023739,92969.31246542539,-335700.8964369485,306.41760839975825,446.5162919592167
38300,-430237.5801941189,92272.94515535297,-337964.63503876596,304.1224509971527,445.9352850209805
38350,-429475.4249141156,93127.73829290249,-336347.6866212131,306.93976417220557,445.9352850209805
38400,-429481.84182744403,92297.88841940842,-337183.9534080356,304.20466151495555,445.4522323323236
38450,-430123.67371173715,92130.47534231073,-337993.1983694264,303.6528846615106,445.1371934301984
38500,-430324.4182730941,92751.8077117792,-337572.6105613149,305.70073436185857,445.87333365226016
38550,-429150.71459875,91924.96738245101,-337225.747216299,302.9755508628902,445.4787891703586
38600,-429667.8921171699,92324.32497784094,-337343.567139329,304.29179378252206,445.4787891703586
38650,-429936.79697627714,91268.08111326012,-338668.715863017,300.8105190447732,445.6362400000022
38700,-429787.77977197454,92571.07583779564,-337216.7039341789,305.1050600783874,445.6362400000022
38750,-430047.6874876844,91640.89044164508,-338406.79704603937,302.0392615164928,446.02835096361434
38800,-429374.8623304253,90991.63445844315,-338383.22787198215,299.899378362189,446.02835096361434
38850,-429269.5881505627,92423.07824269884,-336846.50990786386,304.6172747228128,444.9467746201031
38900,-430399.85931009986,91370.11329740641,-339029.74601269345,301.1468069769608,445.1488872325271
38950,-430649.1635887965,92371.92714034105,-338277.2364484555,304.4486857762471,445.1488872325271
39000,-429048.7200556053,92086.61466819211,-336962.1053874132,303.5083242414125,445.1488872325271
39050,-429077.19447326125,91788.95949200861,-337288.23498125264,302.52728238152054,445.1488872325271
39100,-429847.4739750894,91701.07165116744,-338146.4023239219,302.2376127982591,445.1488872325271
39150,-430086.03593977354,93018.69367387448,-337067.34226589906,306.58036395201094,445.1047717929848
39200,-430039.9072002268,91570.02243106448,-338469.8847691623,301.8056876012051,445.30702765187135
39250,-428712.54116852675,91104.86541552044,-337607.6757530063,300.27257633627687,445.72898310359346
39300,-429677.2401088055,92638.81583780513,-337038.4242710003,305.3283243819029,445.77326855217296
39350,-429286.4843449816,91876.33066533417,-337410.1536796474,302.8152490800315,445.66062415106614
39400,-428473.7105609928,91962.5610877368,-336511.149473256,303.0994559769443,445.66062415106614
39450,-429305.4929938817,92565.65104418137,-336739.8419497003,305.08718049811233,445.66062415106614
39500,-428913.1966454752,92133.760828961,-336779.4358165142,303.6637132987792,444.6913902430067
39550,-428757.2343597491,92742.04521424763,-336015.18914550147,305.66855814084215,445.95638055990605
39600,-428296.1415947573,92673.81409705977,-335622.32749769755,305.4436751639467,445.81336823703583
39650,-428714.793180875,92751.45715835475,-335963.33602252026,305.69957897263293,445.0173703295687
39700,-429765.4936844413,92118.09865873714,-337647.3950257042,303.6120923432717,445.0173703295687
39750,-430954.57459958736,91742.30363188944,-339212.2709676979,302.3735093063366,444.4905358851346
39800,-429409.5765682843,92178.5716064275,-337231.0049618568,303.8114051650273,445.4702734162475
39850,-428167.1367850427,92367.8605795646,-335799.2762054781,304.4352827963337,445.9243351874421
39900,-429146.36241928535,90563.99882769307,-338582.3635915923,298.4899338501658,445.4556816517096
39950,-428533.4762438375,93163.22992866294,-335370.24631517456,307.0567410741479,445.4110690415095
40000,-428425.0034162777,92360.655680535,-336064.3477357427,304.4115361656352,446.0198469649897
40050,-427756.0849870411,92382.84494371056,-335373.24004333053,304.48466977041403,446.0198469649897
40100,-428344.18194943597,91615.66436002305,-336728.5175894129,301.95611886011574,445.1498253527062
40150,-427985.7411966708,92736.67324489055,-335249.0679517803,305.65085266406555,445.0690897899483
40200,-428621.89629549556,92133.0541283515,-336488.84216714406,303.6613840838493,445.0215803216628
40250,-429092.142207101,92198.36353421204,-336893.77867288893,303.8766373907643,445.0215803216628
40300,-428814.7092205719,90705.08817469148,-338109.6210458804,298.9549503070102,445.0215803216628
40350,-429083.8672145866,91797.23055879583,-337286.63665579073,302.5545429951214,445.0215803216628
40400,-429080.6548542199,91451.53394676352,-337629.1209074564,301.4151613402314,445.91857732333466
40450,-429607.6650713007,91486.56111193125,-338121.1039593695,301.5306073932902,445.57400804332855
40500,-429709.4281958479,91601.61525501843,-338107.81294082943,301.90981440715694,444.58092624826793
40550,-429241.8389238883,93187.30994141455,-336054.5289824737,307.13610640150074,444.58092624826793
40600,-429088.24840583163,92003.71181315146,-337084.53659268015,303.2350846756094,444.58092624826793
40650,-429873.033180872,92461.75790399013,-337411.2752768819,304.7447590398663,444.2152203762893
40700,-429290.82264515944,91081.59137982836,-338209.2312653311,300.19586742916056,444.9864762244965
40750,-428129.21009536274,91283.01688081445,-336846.1932145483,300.85974584932023,445.6014227390739
40800,-428597.3327829987,91890.29948194089,-336707.03330105776,302.8612889104153,445.0993325124265
40850,-428630.17404615064,91772.43440815064,-336857.739638,302.47281734848883,445.1060222081783
40900,-428892.415766018,92191.42520677763,-336700.99055924034,303.8537693535339,444.4687390112821
40950,-430027.7121018581,92124.26410594226,-337903.44799591583,303.6324130441267,444.2920685957931
41000,-429507.70915239747,91146.73204162811,-338360.97711076937,300.4105645724322,444.2920685957931
41050,-428401.6612676247,91907.8116858932,-336493.8495817315,302.91900739311217,444.33705539192755
41100,-428622.56777819246,93383.31000790812,-335239.2577702843,307.7821031291144,445.3841593336822
41150,-429426.19031618536,91267.31600380424,-338158.87431238114,300.80799732009416,445.3841593336822
41200,-429557.38039417984,90923.60808401708,-338633.7723101628,299.6751701970754,445.06682554908576
41250,-429339.1011043822,91880.60367661314,-337458.49742776906,302.8293325002703,445.06682554908576
41300,-428797.60138017684,92392.21964978673,-336405.38173039013,304.515567869358,445.0982760347428
41350,-428283.0491065311,90965.13899099958,-337317.91011553153,299.8120519363803,444.53304930008187
41400,-429514.05687964684,92713.63190467247,-336800.42497497436,305.5749106980908,444.22111910892863
41450,-429410.77126176143,91883.80853461789,-337526.96272714355,302.8398953935416,445.33456205074896
41500,-428003.68319532997,92761.27682009594,-335242.406375234,305.7319436011995,444.62661604538084
41550,-429066.31057037506,92580.60972788592,-336485.70084248914,305.1364828320116,444.7879328342633
41600,-428551.1177609777,92898.41426746343,-335652.7034935143,306.18393498986364,444.46374904443667
41650,-428194.5706407116,91332.64811197716,-336861.92252873443,301.02332545157304,444.6626847317089
41700,-428909.2416517383,92011.42564351964,-336897.8160082187,303.2605086933884,444.6626847317089
41750,-429072.90300685423,91384.75141326924,-337688.151593585,301.19505275113323,444.1703246399922
41800,-429101.74955847487,91214.59141844104,-337887.15814003383,300.6342223300202,443.43254306000625
41850,-430654.1928925668,92082.8481218765,-338571.3447706903,303.4959100793266,443.56430239511155
41900,-430360.8126819697,90627.57833654911,-339733.2343454206,298.6994855885864,444.3740820789782
41950,-429131.4369055182,91384.00845995921,-337747.428445559,301.19260405090756,444.3740820789782
42000,-429242.50248313416,90147.83223450466,-339094.6702486295,297.1182901453886,444.3740820789782
42050,-429561.8176407586,91865.53100785028,-337696.2866329083,302.7796544829543,444.3740820789782
42100,-430382.7059048207,90301.55819781379,-340081.1477070069,297.62495563292407,444.3740820789782
42150,-429437.4957490857,91687.34066031475,-337750.1550887709,302.1923568179095,444.3740820789782
42200,-429240.34856341244,91871.15795441248,-337369.1906089999,302.7982003392424,444.3740820789782
42250,-429871.1368797736,91176.03697326305,-338695.09990651056,300.5071507128238,444.07907182270975
42300,-429483.7219732802,90966.42184517306,-338517.30012810713,299.8162800961606,444.07907182270975
42350,-429659.3438931126,92079.7728929701,-337579.5710001425,303.4857744306724,443.7263586597331
42400,-430108.51204029284,92217.03644465997,-337891.47559563286,303.9381814466424,444.0207708991332
42450,-429856.8496558971,93098.60478622858,-336758.24486966856,306.8437430314379,444.0207708991332
42500,-429321.55673313886,91328.63176926582,-337992.92496387305,301.0100879854083,444.0207708991332
42550,-429491.100694465,92284.86085498579,-337206.2398394792,304.16172395816614,443.5240511603638
42600,-429343.61579066,92452.313542233,-336891.30224842706,304.71363136272487,443.8746278641029
42650,-428382.860108166,92644.05487708197,-335738.805231084,305.3455917343545,444.65944420696815
42700,-428858.4507034377,91903.81232991535,-336954.6383735223,302.9058259135317,443.5368183384442
42750,-429430.56506935833,91730.6561659027,-337699.9089034556,302.3351204167457,444.00589495093845
42800,-429539.47623004625,91834.8562961761,-337704.61993387016,302.6785536837734,443.67996602422204
42850,-430238.4017929791,91718.24190486624,-338520.15988811286,302.29420424692614,444.1551888083369
42900,-429295.272927108,91474.82902395006,-337820.44390315795,301.49193959802096,444.1551888083369
42950,-429110.7116163552,92195.08787393445,-336915.6237424208,303.86584114024276,443.66898608732475
43000,-429174.276655226,91160.43435406646,-338013.8423011596,300.45572603157996,443.66898608732475
43050,-429654.3048279241,92934.70763313977,-336719.5971947843,306.3035543138793,443.66898608732475
43100,-428839.90217441344,93296.02183292198,-335543.88034149143,307.49440998487626,443.66898608732475
43150,-430131.1685971492,92170.92001510241,-337960.24858204677,303.7861862809449,443.4795958803228
43200,-428180.3804591005,92194.13704488998,-335986.2434142105,303.862707302269,444.31105215562036
43250,-428690.63650861685,92388.47049821346,-336302.1660104034,304.5032110386131,443.9732623195135
43300,-428488.0237712702,91604.3064250657,-336883.71734620444,301.9186842360049,443.9732623195135
43350,-428361.79066828196,91601.12721065438,-336760.6634576276,301.9082058614673,443.9715905307033
43400,-430321.14444109425,91722.70779949165,-338598.4366416026,302.30892339149324,443.28923551539657
43450,-430111.27376017044,92132.51760809578,-337978.75615207467,303.65961576644156,443.28923551539657
43500,-428727.94337673066,91764.77055565905,-336963.1728210716,302.44755805282097,443.28923551539657
43550,-430295.13247252605,91627.59739866597,-338667.5350738601,301.99544896878217,443.19566179020364
43600,-429485.6888910399,91414.82159423784,-338070.8672968021,301.2941610772271,443.92977187802916
43650,-429132.46539924317,92429.18135628317,-336703.28404296003,304.63738997825254,443.63111049472775
43700,-429001.4590924387,92189.87946845034,-336811.57962398836,303.8486747537256,443.63111049472775
43750,-428590.83555131895,90875.00334120018,-337715.83221011877,299.51497379832955,443.94013114102535
43800,-429042.03109400463,91997.47115102672,-337044.5599429779,303.21451607385916,442.9934754587654
43850,-428918.44820515113,92528.6483120039,-336389.7998931472,304.965223172653,443.7203584100436
43900,-427946.80053377524,92357.76275774649,-335589.03777602874,304.4020013798157,443.0810962411241
43950,-430798.53267344413,92826.92546559125,-337971.6072078529,305.9483150082145,443.6385455688229
44000,-429872.41375146946,91992.97742693202,-337879.43632453744,303.19970520612884,443.21634510261447
44050,-429768.0809572155,91140.44710005521,-338627.6338571603,300.38985003002426,443.600068986352
44100,-428495.3454266386,91475.64140920414,-337019.7040174345,301.4946171390294,442.79568963959167
44150,-429394.52626487194,92190.3727617867,-337204.15350308525,303.8503005995059,442.6024691849323
44200,-429102.251002711,90700.34310529855,-338401.9078974124,298.9393110301724,442.6754722696529
44250,-429741.66960730567,91992.84473062347,-337748.8248766822,303.19926785229205,442.6754722696529
44300,-429679.04227218963,91263.43372447656,-338415.6085477131,300.79520171350975,442.6754722696529
44350,-429728.500825071,90522.45444615223,-339206.0463789188,298.3530077000566,442.61446631432693
44400,-430496.97323019966,91329.14008908754,-339167.8331411121,301.01176335699,442.55786378271193
44450,-430002.0345911009,91777.40631665525,-338224.62827444565,302.48920426448046,442.7880340650864
44500,-429746.97719068965,92349.17566855915,-337397.8015221305,304.3736991878115,441.66247198226057
44550,-429273.8175079925,92746.39536348876,-336527.42214450374,305.68289580013317,441.66247198226057
44600,-429154.5020224503,93031.96688319219,-336122.53513925814,306.6241111299459,443.01407108211305
44650,-430713.76906624436,91663.23013031669,-339050.5389359277,302.11289090874726,442.7650483852073
44700,-430286.5094763723,91900.44846887031,-338386.06100750196,302.8947389620519,442.7650483852073
44750,-429278.61404178827,92213.2856597483,-337065.32838203997,303.9258192325765,442.566356556998
44800,-428966.05688328226,93069.95628118308,-335896.1006020992,306.7493204078057,442.566356556998
44850,-429058.9872436996,92495.54969425144,-336563.43754944816,304.85613342008736,442.67440193004427
44900,-429239.23150090664,92178.6721220298,-337060.5593788768,303.81173645445654,442.67440193004427
44950,-428865.2785984336,91827.63310376498,-337037.6454946686,302.6547467599086,442.67440193004427
45000,-429256.4674759004,93280.512896865,-335975.9545790354,307.4432940739441,442.67440193004427
45050,-430210.8453738175,92456.3382338408,-337754.5071399767,304.7268963460221,443.02089313856555
45100,-430050.4980138992,91287.61726900772,-338762.8807448915,300.8749082713121,442.85016688579753
45150,-428678.38380239345,92570.80911270432,-336107.57468968915,305.10418097901135,442.9602430236699
45200,-429203.81490510236,92640.50926262038,-336563.305642482,305.33390574168857,442.9602430236699
45250,-428759.12043851404,91572.2349365984,-337186.88550191565,301.81297979941854,442.8589471868922
45300,-429626.3404302804,91616.10577459785,-338010.2346556826,301.9575737186571,442.8589471868922
45350,-429495.61109436234,90511.3795436963,-338984.23155066604,298.31650592292374,442.8589471868922
45400,-430247.5174112341,91815.32860089962,-338432.1888103345,302.6141923421059,442.8589471868922
45450,-429345.84124009195,92262.68889099898,-337083.152349093,304.0886473697931,442.01561825934544
45500,-429126.34652405116,91372.15110693226,-337754.1954171189,301.15352339450476,443.16265154209
45550,-429278.2175601111,91252.30360938296,-338025.91395072814,300.75851796101387,443.16265154209
45600,-429034.9498780656,93370.03256299457,-335664.91731507104,307.7383419910767,443.1498296905405
45650,-429352.26759493025,91314.00386271722,-338038.26373221306,300.96187586012036,442.8018899306469
45700,-430038.14589063544,92291.64955103738,-337746.4963395981,304.1840988252392,443.1661981127722
45750,-429774.0045570459,91691.32853409718,-338082.6760229487,302.2055004533158,442.4200683174416
45800,-430335.09240191034,92581.69022125698,-337753.40218065336,305.1400440307112,442.80012888142966
45850,-429113.2291101394,92227.20793826453,-336886.0211718749,303.9717056780421,442.80012888142966
45900,-430587.65093008196,91499.63826587655,-339088.0126642054,301.57370839221477,443.12609724802036
45950,-429618.9494812109,92146.60017623659,-337472.3493049743,303.7060305105695,442.4022600016212
46000,-429800.80634373217,91921.70972545778,-337879.0966182744,302.9648139494036,442.4022600016212
46050,-428478.08027367084,92402.08518164663,-336075.9950920242,304.54808368127425,442.8231112615645
46100,-427550.63111819397,93088.61124066138,-334462.0198775326,306.810805299073,442.22943796857106
46150,-428779.355985336,91248.98178339665,-337530.3742019393,300.7475695529074,441.73128320177676
46200,-429893.31925716856,91759.53229273396,-338133.7869644346,302.43029325914756,442.58625029059476
46250,-430067.51722611906,92698.8293287865,-337368.6878973326,305.5261228800371,442.6744819076034
46300,-429868.7254340893,91739.82626122411,-338128.8991728652,302.3653441389899,442.6744819076034
46350,-429631.3724561094,92135.15204007953,-337496.22041602986,303.6682985922746,442.5621903178863
46400,-431009.928115743,92502.74493772078,-338507.1831780222,304.8798482270195,441.4899205108673
46450,-430155.2037654333,91751.22425936683,-338403.9795060664,302.4029108073756,441.79085239120735
46500,-430382.7540520681,92598.39034360048,-337784.36370846763,305.1950859731842,441.79085239120735
46550,-430176.57205970166,92502.13324602965,-337674.438813672,304.8778321520362,441.79085239120735
46600,-430386.42241477035,91319.21219548839,-339067.21021928196,300.97904200698287,441.79085239120735
46650,-430030.9849400651,91302.31157871662,-338728.67336134845,300.9233392548128,441.79085239120735
46700,-429209.30276396195,92265.07699472204,-336944.22576923994,304.09651832217537,441.9609704619063
46750,-429384.7729996375,91928.24763178168,-337456.52536785585,302.9863622384743,441.9609704619063
46800,-429280.8830535379,92465.01432550215,-336815.86872803577,304.7554918813297,442.2956346100509
46850,-429034.561409472,90529.09608057847,-338505.46532889357,298.37489786663724,442.2796097952825
46900,-429020.19193919166,93212.16140987954,-335808.0305293121,307.21801437016614,441.79319243068903
46950,-428977.1841516183,93042.00230930214,-335935.1818423161,306.6571868964149,441.8246524193882
47000,-429639.9405681081,91974.03837528822,-337665.90219281986,303.137283975336,441.8246524193882
47050,-430057.8455318224,91331.93705486412,-338725.9084769583,301.02098187804074,441.8393384401192
47100,-429263.68013637327,92679.45487814138,-336584.22525823186,305.4622666174349,441.8393384401192
47150,-430026.5930154198,91566.22854425793,-338460.36447116185,301.79318332758,441.8393384401192
47200,-427898.6155841532,91892.2126254825,-336006.40295867075,302.86759444127273,442.806251571279
47250,-428535.82051617536,92417.53831265375,-336118.2822035216,304.59901566431165,441.75341883410283
47300,-428479.3232253606,91968.88172177077,-336510.44150358986,303.1202881581544,441.75341883410283
47350,-428546.9382125896,92182.85605507455,-336364.08215751505,303.8255262816939,442.4238797476395
47400,-428506.2168238838,91176.36920447342,-337329.8476194104,300.50824571385385,442.4238797476395
47450,-428198.53891230444,92223.17916242634,-335975.3597498781,303.9584272335277,442.4238797476395
47500,-428594.48265313567,91376.71284701358,-337217.76980612206,301.16855843616304,442.4238797476395
47550,-428058.2131175925,91906.20058493924,-336152.0125326533,302.9136973645865,442.4281564086132
47600,-427072.07508458686,92750.06730783294,-334322.0077767539,305.6949981635291,442.52760242429576
47650,-428280.74738312094,91443.21213021575,-336837.5352529052,301.38773346046673,442.52760242429576
47700,-428717.44884146424,92660.46115378989,-336056.98768767435,305.39966519083464,442.52760242429576
47750,-428690.3458704208,92858.27653022925,-335832.06934019155,306.0516449995031,442.019530573637
47800,-429582.32571421424,92329.29527468159,-337253.03043953265,304.3081753866295,441.0861066791143
47850,-428298.92821155395,92613.57979091187,-335685.3484206421,305.2451488809829,442.27109855000566
47900,-428867.2755600782,92544.73334337262,-336322.5422167056,305.0182378364418,442.27109855000566
47950,-430044.40637944033,91951.96217673237,-338092.44420270796,303.0645230202999,441.7062914708218
48000,-429523.9805302273,92093.66474021392,-337430.3157900134,303.53156057769036,441.43973036075045
48050,-429072.3564754571,92167.30555638985,-336905.05091906723,303.7742733844741,441.8169012848926
48100,-429218.9601886354,91384.36753671648,-337834.5926519189,301.1937875321906,441.1409033991135
48150,-429288.13371058274,91664.11413596297,-337624.0195746198,302.11580450344604,441.1409033991135
48200,-429570.03403147357,91960.3730230158,-337609.66100845777,303.0922443332195,442.0492496785727
48250,-428433.45966913877,92444.46179490515,-335988.99787423364,304.6877527843622,442.0492496785727
48300,-427961.16347933747,91405.42208069132,-336555.74139864615,301.26318121532785,441.75383071099174
48350,-428298.9690190449,91799.85142593371,-336499.1175931112,302.5631811125714,441.4877247146382
48400,-428961.1370562911,91782.29510346142,-337178.8419528297,302.5053172196201,441.4877247146382
48450,-429578.8217450052,91563.41168480736,-338015.4100601978,301.78389923895816,441.3928486054522
48500,-429480.37129543023,91324.6141180121,-338155.7571774181,300.99684620641796,441.47288875561725
48550,-429982.0525323346,90930.97206823052,-339051.0804641041,299.6994411567194,440.8101952637849
48600,-430401.1959393595,92150.7939603063,-338250.40197905316,303.71985280580554,440.7467719108525
48650,-430866.2016914119,93353.02320785,-337513.1784835619,307.68228084804343,440.7467719108525
48700,-430926.1988024337,91852.25584452561,-339073.94295790803,302.7359008648067,440.7467719108525
48750,-430571.5282025982,92192.03508656584,-338379.4931160324,303.8557794566653,440.13087932308946
48800,-430651.0146281796,92015.66469535248,-338635.3499328271,303.2744801866699,440.4178886831955
48850,-431415.6537354826,92074.93653862968,-339340.7171968529,303.4698342877256,440.4178886831955
48900,-430737.62270005327,92221.39505567445,-338516.2276443788,303.9525469950969,440.4178886831955
48950,-430466.7768105068,91815.04859160655,-338651.7282189003,302.61326945932194,440.4178886831955
49000,-429605.95289020846,91900.15149887197,-337705.8013913365,302.8937601784701,440.2271452654074
49050,-430174.27885695756,91350.20259578599,-338824.0762611716,301.08118328447244,440.46553686701054
49100,-431651.54071606696,92389.13741125076,-339262.4033048162,304.50540911766177,441.34543433727146
49150,-430007.4207234327,92697.569310256,-337309.8514131767,305.52196998426524,441.5848650828391
49200,-430065.33849430666,92425.50713823183,-337639.83135607484,304.62528012094396,441.4809497124899
49250,-429695.2514029129,92284.85951122828,-337410.3918916846,304.16171952927505,440.72851985955174
49300,-430683.06088351156,90243.70236612229,-340439.3585173893,297.43426856523723,440.72851985955174
49350,-429477.0826773145,91854.60985286198,-337622.47282445256,302.74365944218505,440.72851985955174
49400,-428633.0362578677,92852.60589140005,-335780.4303664677,306.03295513784803,440.72851985955174
49450,-428572.6641798676,92296.86401290368,-336275.80016696395,304.20128517298974,440.72851985955174
49500,-428206.5842878057,92101.48301917742,-336105.10126862826,303.55732884765246,440.8228660295136
49550,-429204.0291441716,92226.94119486315,-336977.08794930845,303.97082651831784,440.8228660295136
49600,-430351.28943917947,92375.0682457436,-337976.22119343583,304.4590385472815,440.7937065307197
49650,-429657.87980078487,90640.1555767506,-339017.72422403423,298.7409389215262,440.9516199259309
49700,-430149.8729361133,91428.15225808125,-338721.720678032,301.33809761956513,440.4647400083971
49750,-429163.10985408165,91467.40690666562,-337695.702947416,301.46747703755614,441.2651497140274
49800,-429579.92915208894,91781.50158701892,-337798.42756507,302.50270186833814,441.2651497140274
49850,-429470.536783864,91970.13134595085,-337500.40543791314,303.124406795181,439.78747064067767
49900,-429246.25130977575,92498.65624657829,-336747.5950631974,304.8663723076205,440.1793317565977
49950,-428866.6226997224,92559.9461579118,-336306.6765418106,305.06837776029965,440.1793317565977
50000,-430937.9670061385,91341.7497421705,-339596.217263968,301.0533235195638,440.1793317565977
50050,-429521.55621596053,92127.9827322075,-337393.573483753,303.64466926649203,440.1793317565977
50100,-430063.9634589129,93617.08018136039,-336446.88327755255,308.5525863731534,440.20475201074714
50150,-428934.19551608386,92118.4132321302,-336815.7822839536,303.61312914589195,441.2547752789958
50200,-429677.92130621406,91958.95523966374,-337718.96606655035,303.08757146028495,440.85790158733977
50250,-428795.36300489446,91474.91748621699,-337320.4455186775,301.4922311608555,440.85790158733977
50300,-430071.9330852346,92565.16620859952,-337506.7668766351,305.0855825282498,440.9922737626106
50350,-428695.0683472669,91862.89361230299,-336832.1747349639,302.77096188951055,440.9922737626106
50400,-428700.36062740255,92602.31985951183,-336098.04076789075,305.2080372668508,440.28835464076474
50450,-430097.54754632036,91394.29898937457,-338703.2485569458,301.22652061250193,440.28835464076474
50500,-429803.21150682867,91862.75867567307,-337940.4528311556,302.7705171517974,440.2187620274733
50550,-430445.08393634576,90420.73863876107,-340024.34529758466,298.0177625141912,440.2187620274733
50600,-430715.5691761237,92410.16395638105,-338305.4052197427,304.5747105193918,440.2187620274733
50650,-430848.19293221924,91060.44789882953,-339787.7450333897,300.12618061843665,440.2187620274733
50700,-431320.34110375587,92118.38012278054,-339201.9609809753,303.6130200207681,439.5294743436497
50750,-430306.3580681307,92029.41877207527,-338276.9392960554,303.3198122557514,439.55447774011964
50800,-430199.8860392296,92219.75081897416,-337980.1352202554,303.94712775444657,439.55447774011964
50850,-430491.94051031466,91116.03624108926,-339375.90426922543,300.3093942664505,440.374198904333
50900,-429050.80636356,90569.80345360868,-338481.0029099514,298.50906531993303,440.374198904333
50950,-429327.2726933935,91085.45859710553,-338241.814096288,300.2086133927243,440.450068939508
51000,-429307.1735161212,91865.53917311775,-337441.6343430035,302.77968139486387,440.0361902528084
51050,-428588.4044784098,92682.78329933195,-335905.62117907783,305.4732367626787,440.0361902528084
51100,-429043.1850712395,91675.75499262655,-337367.43007861293,302.15417160936505,440.3588702921704
51150,-427811.8793136268,91595.7189520007,-336216.16036162607,301.890380778778,440.267944160607
51200,-429128.1537166517,92866.91962285539,-336261.23409379635,306.0801317732723,440.267944160607
51250,-429164.3692987575,90079.66574671058,-339084.7035520469,296.8936201805479,440.45287247505235
51300,-428180.98119168123,91248.90274779106,-336932.0784438902,300.74730905941124,440.45287247505235
51350,-428422.63200163934,92414.65653026782,-336007.97547137155,304.5895175961512,440.74851860093423
51400,-428991.75016916543,91913.29716519741,-337078.453003968,302.9370869873863,440.74851860093423
51450,-428624.44450070895,93561.48521819492,-335062.95928251406,308.3693509032926,440.29028420975385
51500,-429050.85061238636,92737.23181979511,-336313.61879259127,305.6526936714026,440.29028420975385
51550,-427611.38762287796,92057.69378497679,-335553.69383790117,303.41300388641963,440.29028420975385
51600,-427927.321298433,91982.81468661324,-335944.5066118197,303.16620982468856,440.45974642059286
51650,-427613.9779387363,92122.03390094644,-335491.9440377899,303.6250625102469,440.45974642059286
51700,-427725.8412556683,92257.8248953968,-335468.0163602715,304.07261612399634,440.5899273509887
51750,-428576.29257318913,92218.1349417142,-336358.1576314749,303.94180198369133,441.10409896376007
51800,-429618.8819481323,92272.65910723593,-337346.22284089634,304.1215082110055,440.22687387585484
51850,-429189.3156026758,91460.63626298145,-337728.6793396943,301.44516166929094,440.3481649151367
51900,-429193.55456695566,92060.4390850183,-337133.11548193736,303.4220521223456,440.3481649151367
51950,-429563.8788217972,92134.2500122675,-337429.6288095297,303.6653255983098,440.3481649151367
52000,-427783.36444263835,90813.13822951454,-336970.2262131238,299.31107254249156,440.3481649151367
52050,-428686.9106244226,92151.68900319947,-336535.22162122314,303.7228027781724,440.1883445377282
52100,-428260.20984281227,91674.00323979351,-336586.20660301874,302.14839800623326,440.1883445377282
52150,-427842.94165077177,92700.0481798621,-335142.8934709097,305.53014009197165,440.1883445377282
52200,-428072.1627091232,92512.41544119662,-335559.7472679266,304.91172124477674,440.6150076865064
52250,-428360.35465794103,91955.50007096732,-336404.8545869737,303.07618356786645,439.58381665549683
52300,-428729.1581676358,92790.51938345832,-335938.6387841775,305.82832418196705,440.1494691518585
52350,-428278.8540048555,91222.76527181086,-337056.0887330446,300.66116253786487,440.1211764266349
52400,-428975.42061154544,91428.78709627928,-337546.6335152662,301.3401899831333,440.22870742079056
52450,-428974.6466089026,92818.06712544536,-336156.57948345726,305.9191188000258,440.0226796733906
52500,-429720.310628396,91292.16763385138,-338428.1429945446,300.8899058213182,440.0226796733906
52550,-429855.61394058703,91261.80728503653,-338593.8066555505,300.7898411308594,440.0226796733906
52600,-428491.7828934854,91685.78373648417,-336805.9991570012,302.18722535179484,440.0226796733906
52650,-428498.8890031264,91786.18719217542,-336712.701810951,302.5181451569663,440.2194193616028
52700,-428942.2707076783,92288.10950800384,-336654.1611996745,304.172431195446,439.69750085325614
52750,-428148.17211240926,90715.8222189327,-337432.3498934766,298.99032864936464,439.9774733783708
52800,-428275.1905112525,91459.91255433089,-336815.2779569216,301.4427763975491,439.9774733783708
52850,-428215.5394254625,91822.85063517134,-336392.68879029114,302.6389842190244,439.7805533091441
52900,-429908.63057693327,92050.46285013857,-337858.1677267947,303.3891714442851,439.96221163555094
52950,-429347.82654060074,92218.00465635289,-337129.8218842478,303.9413725760968,440.86310000630687
53000,-429347.9419949015,91483.64127853239,-337864.3007163691,301.52098391277514,440.86310000630687
53050,-429182.20201341226,92201.55707529752,-336980.64493811474,303.88716298459514,440.4154781565699
53100,-429378.11298315576,91457.53796899662,-337920.57501415914,301.43495000043185,439.9900317120853
53150,-430872.3990661141,91137.70467616126,-339734.6943899528,300.38081127359465,439.9900317120853
53200,-429425.24608907895,91956.24932651658,-337468.99676256237,303.0786530396459,439.9900317120853
53250,-428335.2602079266,91557.19286885356,-336778.06733907305,301.76340264001476,439.9900317120853
53300,-428866.5477173426,92276.37583502554,-336590.17188231705,304.13375817618396,439.9900317120853
53350,-428045.92398867477,91847.69837992077,-336198.225608754,302.7208799146936,439.5430343568814
53400,-429047.8461246814,91098.40405761488,-337949.44206706656,300.2512803431805,439.20701697743084
53450,-428803.0356607423,92118.14561650892,-336684.8900442334,303.6122471114177,439.20701697743084
53500,-429359.2561621871,91623.51680008174,-337735.7393621054,301.98199972165037,439.4276307327715
53550,-428904.39105851995,91446.98445051165,-337457.4066080083,301.4001666530174,439.20042098620445
53600,-429366.34100207407,91687.89951130451,-337678.44149076956,302.1941987351959,438.82145960005744
53650,-429552.3544775795,92862.78712901355,-336689.5673485659,306.0665114845322,438.82145960005744
53700,-429476.8022083815,91873.0822791593,-337603.7199292222,302.8045427222402,439.28417880916345
53750,-429103.1785849277,91498.65674371581,-337604.5218412119,301.57047339278205,439.28417880916345
53800,-428431.25477362424,91791.44274856139,-336639.81202506286,302.53546694816697,439.28417880916345
53850,-429094.2596071018,92873.88606373032,-336220.37354337145,306.1030924696068,439.3734306208763
53900,-429319.447684882,92104.9009821525,-337214.5467027295,303.56859411371335,438.58725746915445
53950,-430394.9954890893,91894.8986607132,-338500.09682837606,302.8764473462759,438.9615433680415
54000,-430286.36344809295,92281.87193848394,-338004.49150960904,304.15187278661375,438.9615433680415
54050,-429539.6877524194,92374.28094697275,-337165.4068054466,304.45644368882694,438.04898245743175
54100,-429512.3250598116,91527.0340322396,-337985.291027572,301.6640021137303,438.0689102010431
54150,-428729.6070255593,91377.38841440123,-337352.2186111581,301.17078503908976,438.18710723574657
54200,-429737.0564751546,91718.4927056318,-338018.5637695228,302.2950308613081,438.9630464808133
54250,-428845.9368946871,92791.60857037175,-336054.3283243154,305.83191403371774,439.0583690064727
54300,-429336.81639823713,92254.52837419204,-337082.28802404506,304.06175111793345,439.31638306497865
54350,-428326.09690327896,93351.07167247607,-334975.0252308029,307.6758487815247,439.267634988286
54400,-429142.1906580839,90863.29021823156,-338278.9004398523,299.4763685098558,439.267634988286
54450,-428792.73502856656,92325.28049984251,-336467.4545287241,304.2949430880158,438.65967757645257
54500,-427735.42534711445,92050.57618403863,-335684.8491630758,303.38954498154897,439.3792884149056
54550,-428036.6591084383,92005.52767835051,-336031.1314300878,303.24106958672377,439.3792884149056
54600,-428387.0512136838,91819.79275967024,-336567.25845401356,302.62890576546823,439.3792884149056
54650,-428449.74323547585,92571.91550179283,-335877.82773368305,305.1078275274204,438.186498465706
54700,-428674.5292735526,92373.98701791749,-336300.5422556351,304.4554749278911,438.186498465706
54750,-428836.80267302995,92614.62543203245,-336222.1772409975,305.2485952101309,438.186498465706
54800,-429680.26981194364,92072.64037328406,-337607.6294386596,303.4622663550923,439.32870873318933
54850,-429757.5740989663,91685.03877088483,-338072.53532808146,302.1847700192637,439.32870873318933
54900,-428673.3252730246,91368.27535855022,-337305.04991447437,301.14074931326775,438.47481782502393
54950,-428812.78083427623,91909.61879167656,-336903.16204259964,302.9249634340635,438.47481782502393
55000,-428568.9420168933,91495.52725533053,-337073.4147615628,301.56015891028125,439.40701696911765
55050,-429665.630446268,92142.22608045493,-337523.40436581307,303.6916139258624,438.5138333620211
55100,-429937.6883879998,92081.03181688575,-337856.656571114,303.4899237187026,438.1059311078196
55150,-428931.3748844152,90918.02148967911,-338013.35339473607,299.6567573377055,438.2675073445109
55200,-428466.3281406027,91735.18408742281,-336731.1440531799,302.35004399578935,438.6723170092123
55250,-428887.06687874254,91519.30139720769,-337367.7654815349,301.6385161176498,438.6723170092123
55300,-428292.6647723934,92223.92096521225,-336068.74380718113,303.9608721417402,438.6723170092123
55350,-429283.73028702685,91312.08700580144,-337971.6432812254,300.95555809035096,438.6723170092123
55400,-428066.00967019843,91851.12963495932,-336214.8800352391,302.73218899007395,438.6723170092123
55450,-428260.97285573673,92601.77848488075,-335659.194370856,305.20625294990464,438.58639629986135
55500,-428628.8047935695,91453.80171695501,-337175.00307661446,301.42263568526045,438.58639629986135
55550,-428243.7784309003,91317.45362968581,-336926.3248012145,300.97324594898106,438.58639629986135
55600,-429547.61032304075,92851.47838219683,-336696.1319408439,306.02923897964126,438.58639629986135
55650,-428335.5066345022,91991.91552680839,-336343.59110769385,303.1962052889237,438.32413470904834
55700,-428678.0392725747,91469.55130277548,-337208.4879697992,301.4745447538812,438.5348649509421
55750,-429309.8549526045,92173.56824422372,-337136.2867083808,303.7949145807712,437.6940667882458
55800,-429901.5694246944,91051.17981760041,-338850.389607094,300.09563394438504,437.6940667882458
55850,-429225.96591302915,91803.25722243745,-337422.70869059174,302.57440627915264,438.2305087585576
55900,-429584.38079037424,92267.51638790092,-337316.8644024733,304.1045583195035,438.8464898601221
55950,-429901.9790509548,90981.46060034249,-338920.5184506123,299.8658463376452,438.46430994568715
56000,-429812.7125217018,91819.78108297395,-337992.9314387279,302.62886728023847,439.1413458168502
56050,-429643.02293862356,91428.02564003269,-338214.99729859084,301.3376802990689,439.1413458168502
56100,-428980.83578455145,91554.64470584135,-337426.19107871014,301.7550041481328,438.2193227340525
56150,-430729.6692337701,92302.52530870591,-338427.1439250642,304.219944240957,438.2193227340525
56200,-430699.90052217245,91268.30439839792,-339431.59612377454,300.8112549703824,438.2193227340525
56250,-430472.31105089234,92034.6090365153,-338437.70201437705,303.3369188511914,437.07780164271674
56300,-429680.0861815172,92478.24348897247,-337201.84269254474,304.79909388853196,437.07780164271674
56350,-431938.5792080627,92474.27693959085,-339464.30226847186,304.7860205362302,437.57174150765667
56400,-430199.96981274616,90560.18115537433,-339639.7886573718,298.4773511818579,437.57174150765667
56450,-430873.1471658293,90777.47018868523,-340095.6769771441,299.19351422698514,437.57174150765667
56500,-430451.12170037115,91927.93479363137,-338523.1869067398,302.9853311550416,437.57174150765667
56550,-429913.059070196,91639.84210648306,-338273.21696371294,302.03580630805214,437.695928470583
56600,-429449.0787293005,92146.61455152443,-337302.4641777761,303.7060778900887,438.5877694709026
56650,-430016.4099830061,92269.60805848012,-337746.80192452593,304.11145225772293,437.930910393927
56700,-429658.0033433018,91766.13210651092,-337891.8712367909,302.4520455890271,437.930910393927
56750,-429076.06972932164,92313.57682770141,-336762.4929016202,304.2563689485297,437.930910393927
56800,-429570.43828900554,91261.98549183323,-338308.4527971723,300.79042848273923,437.930910393927
56850,-429018.9977180911,91779.45524734384,-337239.54247074726,302.4959573362707,438.09968926571673
56900,-429710.4414935224,91973.96789238232,-337736.4736011401,303.1370516706874,438.09968926571673
56950,-429126.9306437294,91751.86483331671,-337375.0658104127,302.4050220754114,438.09968926571673
57000,-428891.6653612198,92675.70543188404,-336215.95992933575,305.4499088154406,437.53174873734525
57050,-429175.94098022743,92469.30117483543,-336706.639805392,304.7696209104194,438.0393182100486
57100,-429930.40531688975,92865.764164019,-337064.6411528707,306.076323495854,438.71228461039107
57150,-429784.7167485291,91825.1718692946,-337959.5448792345,302.6466347758557,438.705345818288
57200,-429264.92955730297,91022.19327628141,-338242.73628102156,300.00009718681196,438.3357825351518
57250,-428543.8541853931,91637.13261893524,-336906.7215664578,302.026876106544,438.57455917925006
57300,-429297.36872312287,92305.22096486375,-336992.1477582591,304.2288288555793,438.5116921106169
57350,-428395.5628022938,90423.0212357759,-337972.5415665179,298.0252857269555,437.7670942299866
57400,-430379.69597460795,92831.72457385657,-337547.9714007514,305.9641323918017,437.93823131234376
57450,-430410.1259089771,91097.95753646138,-339312.1683725157,300.24980865386357,437.93823131234376
57500,-429434.64742102986,91906.57562297268,-337528.0717980572,302.9149334526484,437.7226007420498
57550,-428944.4515021031,91197.37223954398,-337747.0792625591,300.5774696287651,437.54583742546487
57600,-429167.08455946133,91530.22083415519,-337636.8637253061,301.67450549592735,438.55252898878456
57650,-428548.4351625482,90616.97936455064,-337931.45579799754,298.66455243091167,438.5531385243722
57700,-428760.0549499418,91733.94406496595,-337026.1108849759,302.34595700508766,438.5863159347937
57750,-427814.7940964047,92360.50594971208,-335454.2881466926,304.41104266773306,438.5863159347937
57800,-428849.5454401523,92563.10521421678,-336286.44022593554,305.0787896957233,438.35779833017835
57850,-428789.72246630304,90977.83391432425,-337811.8885519788,299.8538931411909,438.35779833017835
57900,-429331.1690089777,92585.5976233021,-336745.5713856756,305.1529224392739,438.35779833017835
57950,-428693.628967257,92177.55787542753,-336516.07109182945,303.80806400846353,437.956794705277
58000,-429274.848396881,92621.1040493758,-336653.7443475052,305.2699480886178,436.81662887434123
58050,-428744.20118927676,91448.71484654097,-337295.4863427358,301.40586986624794,436.76385287629705
58100,-429119.7107126829,91539.04777914486,-337580.6629335381,301.70359822880323,437.2512663840037
58150,-429393.58368851035,91781.71126231397,-337611.87242619635,302.50339293725915,437.78254448992794
58200,-429407.7994906311,93472.85856209093,-335934.9409285402,308.07724625839757,437.78254448992794
58250,-429606.43180359807,92774.78532836733,-336831.64647523075,305.7764663010862,436.94893116060126
58300,-428662.9156747684,91112.3562595493,-337550.5594152191,300.29726541325664,437.3019941951094
58350,-429533.2783667941,92176.72819591651,-337356.5501708776,303.80532946730403,437.84738418285804
58400,-429652.4761774037,90861.56232995333,-338790.9138474504,299.47067356192343,437.84738418285804
58450,-429598.19906934164,91504.8634977057,-338093.335571636,301.59093023669186,437.6147664784411
58500,-429227.1843323554,91524.34588303312,-337702.83844932227,301.6551422412732,437.09934411900275
58550,-429165.60509072826,91876.88338650946,-337288.72170421877,302.817070794059,437.09934411900275
58600,-429723.8455305735,92561.02446234511,-337162.8210682284,305.07193174447804,437.09934411900275
58650,-428483.901293071,92646.46399285563,-335837.43730021536,305.35353194036594,437.40170528260865
58700,-428878.6644294716,91552.07568045627,-337326.58874901535,301.74653689594453,437.4538816229886
58750,-428634.11681853444,90733.6133129226,-337900.50350561185,299.04896632589066,437.3886053133754
58800,-428881.1791745357,92028.67412832059,-336852.5050462151,303.31735798398836,437.14174531818344
58850,-429522.405840565,91851.2864830834,-337671.1193574816,302.73270594589286,437.3737275349709
58900,-429985.27120228997,92568.55504378676,-337416.7161585032,305.09675179201867,437.3737275349709
58950,-430253.3835388394,91867.24771523497,-338386.1358236044,302.78531257977346,437.3737275349709
59000,-430621.2194678453,93122.42109871018,-337498.7983691351,306.9222392289249,437.11633178900877
59050,-430679.4892769223,92244.9533749875,-338434.53590193484,304.03019287275686,437.11633178900877
59100,-430606.33628702373,92903.87840771317,-337702.4578793106,306.2019442527363,436.91454808081147
59150,-430954.18826517696,92074.64215651169,-338879.5461086653,303.46886403353994,436.91454808081147
59200,-430182.960716801,90800.15156504186,-339382.80915175914,299.2682697878698,436.91454808081147
59250,-429803.18024093215,91238.6663000783,-338564.5139408539,300.7135707457304,436.91454808081147
59300,-429451.0340727798,92013.55212216734,-337437.4819506125,303.26751735554,436.4208279523131
59350,-428407.4274461507,90905.6748956583,-337501.7525504924,299.6160641916403,436.4208279523131
59400,-429479.556619843,91433.8475817075,-338045.7090381355,301.3568688398564,437.38618200685113
59450,-430644.36006945884,91677.39419855003,-338966.9658709088,302.1595742690753,437.38618200685113
59500,-430610.4260541429,91242.83349557061,-339367.5925585723,300.7273054076594,436.9696900624866
59550,-430039.747211911,92156.49423484583,-337883.25297706516,303.73864034381467,437.4576489095388
59600,-430123.2448048729,91597.8531062539,-338525.391698619,301.8974147389621,436.95748917290473
59650,-430236.4052452436,92428.76149611657,-337807.643749127,304.6360061608971,436.32309327264926
59700,-430255.5317843277,91171.9556182899,-339083.5761660378,300.49369897270935,436.49106373159105
59750,-430181.21975888964,92021.37683439167,-338159.84292449796,303.29330682889,437.605427122872
59800,-430107.23138248385,92980.47143691889,-337126.75994556496,306.45438726007853,436.6676718339254
59850,-429311.57540523284,91696.33978984604,-337615.2356153868,302.22201705391143,436.6676718339254
59900,-430274.21154272906,92405.84846119472,-337868.36308153433,304.5604870764192,436.6676718339254
59950,-430505.57739467896,91194.52310682475,-339311.05428785423,300.5680791706592,436.6676718339254
60000,-429963.98667445173,91028.03336090976,-338935.95331354195,300.01934552497016,437.0448695695739
60050,-430101.4611247543,91098.97729897803,-339002.48382577626,300.2531696897065,437.0092792324977
60100,-429192.22077586316,92002.07693080866,-337190.1438450545,303.22969626599104,437.29800418017044
60150,-429318.6823656403,91564.62015725696,-337754.06220838334,301.78788224397346,436.8909006084783
60200,-429304.42481856234,91644.8064248752,-337659.6183936871,302.0521682077879,436.8909006084783
60250,-429172.7737556535,92174.2126725481,-336998.5610831054,303.7970385524422,436.45418741532495
60300,-428954.02973972005,91266.58714876327,-337687.4425909568,300.8055950863613,436.6818163170012
60350,-430194.6204463467,91964.46982728143,-338230.1506190653,303.1057469926656,436.29856824200454
60400,-431079.19055476715,92261.0102703727,-338818.1802843944,304.08311480314205,436.29856824200454
60450,-429816.5757275005,93161.86334645857,-336654.7123810419,307.0522369551044,436.13887919535966
60500,-429688.1038826599,91803.38344289474,-337884.7204397652,302.5748222892277,436.47957966545107
60550,-430044.9401222982,90743.01974758218,-339301.92037471605,299.0799689990903,436.47957966545107
60600,-430580.8628783582,92246.5019329005,-338334.3609454577,304.03529676563915,436.2380788091009
60650,-429772.7520338381,91101.44523927424,-338671.30679456383,300.2613037754944,436.2380788091009
60700,-430680.13380688545,91412.0914378629,-339268.04236902256,301.28516275332015,436.2380788091009
60750,-429845.18976726127,92535.68380003012,-337309.5059672311,304.9884114415317,437.0478874203823
